{"metadata":{"asset_id":"273ee277-cf82-441d-8519-ef1a79816ad3","asset_attributes":["notebook"],"name":"Capstone ","asset_type":"notebook","created_at":"2020-10-05T07:06:50Z","description":"","origin_country":"us","owner_id":"IBMid-550006DTDC","project_id":"05123194-848e-4193-aa37-ec8740a73320","size":207,"tags":["notebook"],"usage":{"last_update_time":1601883354667,"last_updated_at":"2020-10-05T07:35:54Z"}},"entity":{"notebook":{"kernel":{"name":"python3","display_name":"Python 3.6","language":"python"},"originates_from":{"type":"blank"},"runtime":{"environment":"conda2py36-05123194-848e-4193-aa37-ec8740a73320"}}},"attachments":[{"id":"e04286c8-e131-4d57-9a9d-744cdd40dc22","version":2,"asset_type":"notebook","name":"attachment for notebook 273ee277-cf82-441d-8519-ef1a79816ad3","description":"attachment for notebook 273ee277-cf82-441d-8519-ef1a79816ad3","mime":"application/json","datasource_type":"193a97c1-4475-4a19-b90c-295c4fdc6517","object_key":"notebook/Capstone__HNKM0ekeH.ipynb","creator_id":"IBMid-550006DTDC","create_time":1601881611023,"size":207,"is_remote":false,"is_managed":false,"is_referenced":true,"is_object_key_read_only":false,"is_user_provided_path_key":true,"transfer_complete":true,"is_partitioned":false,"complete_time_ticks":1601881611023,"user_data":{},"test_doc":0,"handle":{"bucket":"capstoneprojectcaraccidentseverit-donotdelete-pr-9b1ah2l7p7wz07","location":"us-geo","key":"notebook/Capstone__HNKM0ekeH.ipynb","upload_id":"done","max_part_num":1},"usage":{"access_count":0,"last_accessor_id":"IBMid-550006DTDC","last_access_time":1601881611023}}]}
